<?xml version="1.0" encoding="UTF-8"?>
<project-private xmlns="http://www.netbeans.org/ns/project-private/1">
    <editor-bookmarks xmlns="http://www.netbeans.org/ns/editor-bookmarks/2" lastBookmarkId="0"/>
    <open-files xmlns="http://www.netbeans.org/ns/projectui-open-files/2">
        <group>
            <file>file:/C:/Users/manul/OneDrive/Documentos/NetBeansProjects/TrabalhoAlgIII/src/model/Pilha.java</file>
            <file>file:/C:/Users/manul/OneDrive/Documentos/NetBeansProjects/TrabalhoAlgIII/src/model/ListaEncadeada.java</file>
            <file>file:/C:/Users/manul/OneDrive/Documentos/NetBeansProjects/TrabalhoAlgIII/src/controller/AvaliadorExpressao.java</file>
            <file>file:/C:/Users/manul/OneDrive/Documentos/NetBeansProjects/TrabalhoAlgIII/src/view/Spreadsheet.java</file>
            <file>file:/C:/Users/manul/OneDrive/Documentos/NetBeansProjects/TrabalhoAlgIII/src/controller/CalcMachine.java</file>
            <file>file:/C:/Users/manul/OneDrive/Documentos/NetBeansProjects/TrabalhoAlgIII/src/view/SpreadsheetTableModel.java</file>
            <file>file:/C:/Users/manul/OneDrive/Documentos/NetBeansProjects/TrabalhoAlgIII/src/model/SpreadsheetModel.java</file>
        </group>
    </open-files>
</project-private>
